Product Link,Image Link,Price,Product Name
https://shopnaclo.com//collections/all/products/naclo-apparel-gift-card,//cdn.shopify.com/s/files/1/0554/3192/1821/products/welcometothefamily._180x.png?v=1630603915,$10.00,"Gift Card
      "
https://shopnaclo.com//collections/all/products/haze-sweatshirt,//cdn.shopify.com/s/files/1/0554/3192/1821/products/PurpleHoodiewithBackgroundcopy_180x.jpg?v=1633388603,$45.00,"HAZE Sweatshirt
      "
https://shopnaclo.com//collections/all/products/haze-t-shirt,//cdn.shopify.com/s/files/1/0554/3192/1821/products/PurpleTshirtwithBackgroundcopy_180x.jpg?v=1633385695,$30.00,"HAZE T-shirt
      "
https://shopnaclo.com//collections/all/products/heat-sweatpants,//cdn.shopify.com/s/files/1/0554/3192/1821/products/BleachPicturesfortheWebsiteREDSWEATPANTS1_180x.png?v=1626396896,$45.00,"HEAT Sweatpants
      "
https://shopnaclo.com//collections/all/products/heat-sweatshirt,//cdn.shopify.com/s/files/1/0554/3192/1821/products/BleachPicturesfortheWebsiteREDSWEATSHIRT1_180x.png?v=1626397018,$45.00,"HEAT Sweatshirt
      "
https://shopnaclo.com//collections/all/products/heat-sweatsuit-set,//cdn.shopify.com/s/files/1/0554/3192/1821/products/RedSweatsuitSet_180x.jpg?v=1633397591,$90.00,"HEAT Sweatsuit Set
      "
https://shopnaclo.com//collections/all/products/heat-t-shirt,//cdn.shopify.com/s/files/1/0554/3192/1821/products/RedTshirtcopy_180x.jpg?v=1626909432,$30.00,"HEAT T-shirt
      "
https://shopnaclo.com//collections/all/products/lava-sweatshirt,//cdn.shopify.com/s/files/1/0554/3192/1821/products/BleachPicturesfortheWebsiteSUNSHINESweatshirt_180x.png?v=1627412696,$45.00,"LAVA Sweatshirt
      "
https://shopnaclo.com//collections/all/products/lava-t-shirt,//cdn.shopify.com/s/files/1/0554/3192/1821/products/BleachPicturesfortheWebsiteLAVAtshirt_180x.png?v=1627412982,$30.00,"LAVA T-shirt
      "
https://shopnaclo.com//collections/all/products/maple-sweatpants,//cdn.shopify.com/s/files/1/0554/3192/1821/products/BleachPicturesfortheWebsiteMAPLESWEATPANTS1_180x.png?v=1626397112,$45.00,"MAPLE Sweatpants
      "
https://shopnaclo.com//collections/all/products/maple-sweatshirt,//cdn.shopify.com/s/files/1/0554/3192/1821/products/BleachPicturesfortheWebsiteMAPLESWEATSHIRT1_180x.png?v=1626397193,$45.00,"MAPLE Sweatshirt
      "
https://shopnaclo.com//collections/all/products/maple-sweatsuit-set,//cdn.shopify.com/s/files/1/0554/3192/1821/products/BurgundySweatsuitSet_180x.jpg?v=1633399415,$90.00,"MAPLE Sweatsuit Set
      "
https://shopnaclo.com//collections/all/products/maple-t-shirt,//cdn.shopify.com/s/files/1/0554/3192/1821/products/maroontshirtcopy_180x.jpg?v=1626909741,$30.00,"MAPLE T-shirt
      "
https://shopnaclo.com//collections/all/products/marigold-sweatshirt,//cdn.shopify.com/s/files/1/0554/3192/1821/products/BleachPicturesfortheWebsiteMARIGOLDSweatshirt_180x.png?v=1627412047,$45.00,"MARIGOLD Sweatshirt
      "
https://shopnaclo.com//collections/all/products/marigold-t-shirt,//cdn.shopify.com/s/files/1/0554/3192/1821/products/BleachPicturesfortheWebsiteMARIGOLDTshirt_180x.png?v=1627413065,$30.00,"MARIGOLD T-shirt
      "
https://shopnaclo.com//collections/all/products/midnight-sweatpants,//cdn.shopify.com/s/files/1/0554/3192/1821/products/BleachPicturesfortheWebsiteMIDNIGHTSWEATPANTS1_180x.png?v=1626397290,$45.00,"MIDNIGHT Sweatpants
      "
https://shopnaclo.com//collections/all/products/copy-of-camo-sweatshirt,//cdn.shopify.com/s/files/1/0554/3192/1821/products/BleachPicturesfortheWebsiteMIDNIGHTSWEATSHIRT1_180x.png?v=1626397376,$45.00,"MIDNIGHT Sweatshirt
      "
https://shopnaclo.com//collections/all/products/midnight-sweatsuit-set,//cdn.shopify.com/s/files/1/0554/3192/1821/products/NAVYSweatsuitSet_180x.jpg?v=1633397747,$90.00,"MIDNIGHT Sweatsuit Set
      "
https://shopnaclo.com//collections/all/products/midnight-t-shirt,//cdn.shopify.com/s/files/1/0554/3192/1821/products/NavyTshirtcopy_180x.jpg?v=1626909998,$30.00,"MIDNIGHT T-shirt
      "
https://shopnaclo.com//collections/all/products/noir-sweatpants,//cdn.shopify.com/s/files/1/0554/3192/1821/products/BleachPicturesfortheWebsiteNOIRSWEATPANTS1_180x.png?v=1626397579,$45.00,"NOIR Sweatpants
      "
https://shopnaclo.com//collections/all/products/noir-sweatshirt,//cdn.shopify.com/s/files/1/0554/3192/1821/products/BleachPicturesfortheWebsiteNOIRSWEATSHIRT1_180x.png?v=1626397623,$45.00,"NOIR Sweatshirt
      "
https://shopnaclo.com//collections/all/products/noir-sweatsuit-set,//cdn.shopify.com/s/files/1/0554/3192/1821/products/BlackSweatsuitSet_180x.jpg?v=1633398247,$90.00,"NOIR Sweatsuit Set
      "
https://shopnaclo.com//collections/all/products/noir-t-shirt,//cdn.shopify.com/s/files/1/0554/3192/1821/products/BlackTshirtNEW_180x.jpg?v=1626910296,$30.00,"NOIR T-shirt
      "
https://shopnaclo.com//collections/all/products/oxblood-sweatshirt,//cdn.shopify.com/s/files/1/0554/3192/1821/products/Oxbloodnobackground_180x.jpg?v=1636422712,$45.00,"OXBLOOD Sweatshirt
      "
https://shopnaclo.com//collections/all/products/sage-sweatshirt,//cdn.shopify.com/s/files/1/0554/3192/1821/products/SAGEwithBackgroundcopy_180x.jpg?v=1633387061,$45.00,"SAGE Sweatshirt
      "
https://shopnaclo.com//collections/all/products/sage-t-shirt,//cdn.shopify.com/s/files/1/0554/3192/1821/products/SAGETshirtwithBackgroundcopy_180x.jpg?v=1633387509,$30.00,"SAGE T-shirt
      "
https://shopnaclo.com//collections/all/products/stone-sweatpants,//cdn.shopify.com/s/files/1/0554/3192/1821/products/BleachPicturesfortheWebsiteSTONESWEATPANTS1_180x.png?v=1626397674,$45.00,"STONE Sweatpants
      "
https://shopnaclo.com//collections/all/products/cloud-sweatshirt,//cdn.shopify.com/s/files/1/0554/3192/1821/products/BleachPicturesfortheWebsiteSTONESWEATSHIRT1_180x.png?v=1626397705,$45.00,"STONE Sweatshirt
      "
https://shopnaclo.com//collections/all/products/stone-sweatsuit-set,//cdn.shopify.com/s/files/1/0554/3192/1821/products/StoneSweatsuitSet_180x.jpg?v=1633398456,$90.00,"STONE Sweatsuit Set
      "
https://shopnaclo.com//collections/all/products/stone-t-shirt,//cdn.shopify.com/s/files/1/0554/3192/1821/products/BlackHeathertshirt_180x.jpg?v=1626910348,$30.00,"STONE T-shirt
      "
