product_details,price,image_link
Vintage Denim Jogger 2.0 | Blue,$64.00,//cdn.shopify.com/s/files/1/1525/5710/products/LC6755_vintage_denim_jogger_2.0_blu_1_180x.jpg?v=1556212307
Vintage Denim Jogger 2.0 | Dark Blue,$64.00,//cdn.shopify.com/s/files/1/1525/5710/products/LC6755_vintage_denim_jogger_2.0_dk.blu_1_180x.jpg?v=1555028553
Weekend Jogger 2.0 | Burgundy,$54.00,//cdn.shopify.com/s/files/1/1525/5710/products/LC6754_weekend_jogger_2.0_burg_1_377543e3-3703-4687-be14-c3cfa7d4d7bd_180x.jpg?v=1578963821
Weekend Jogger 2.0 | Charcoal,$54.00,//cdn.shopify.com/s/files/1/1525/5710/products/LC6754_weekend_jogger_2.0_char_1_264f3422-fcad-406b-9049-49049fddc38b_180x.jpg?v=1578963931
Weekend Jogger 2.0 | Khaki,$54.00,//cdn.shopify.com/s/files/1/1525/5710/products/LC6754_weekend_jogger_2.0_khk_1_3527e921-1883-4e00-a00d-5f01cf6fcb0b_180x.jpg?v=1578964040
Antique Jogger Short 2.0 | Dark Black,$52.00,//cdn.shopify.com/s/files/1/1525/5710/products/LC6842_antique_jogger_short_2.0_dk.blk_1_180x.jpg?v=1648164692
Antique Jogger Short 2.0 | Dark Blue,$52.00,//cdn.shopify.com/s/files/1/1525/5710/products/LC6842_antiquejoggershort2.0_dk.blu_1_180x.jpg?v=1583518466
Weekday Jogger Short 2.0 | Black,$44.00,//cdn.shopify.com/s/files/1/1525/5710/products/L2413_weekday_jogger_short_2.0_blk_1_180x.jpg?v=1559600589
Weekday Jogger Short 2.0 | Burgundy,$44.00,//cdn.shopify.com/s/files/1/1525/5710/products/LC6843_weekdayjoggershort2.0_burg_1_180x.jpg?v=1583454177
Shooty SS Woven | Emerald,$48.00,//cdn.shopify.com/s/files/1/1525/5710/products/LC6833_shooty_ss_woven_emr_1_180x.jpg?v=1578961796
Douglas LS Woven | Emerald,$54.00,//cdn.shopify.com/s/files/1/1525/5710/products/LC6835_douglas_ls_woven_emr_180x.jpg?v=1579194687
Shooty SS Woven | Black,$48.00,//cdn.shopify.com/s/files/1/1525/5710/products/LC6833_shootysswoven_blk_180x.jpg?v=1584139776
Shooty SS Woven | Pink,$48.00,//cdn.shopify.com/s/files/1/1525/5710/products/LC6833_shootysswoven_pnk_1_180x.jpg?v=1584039305
Shooty SS Woven | Red,$48.00,//cdn.shopify.com/s/files/1/1525/5710/products/LC6833_180x.jpg?v=1584039235
Shooty SS Woven | Teal,$48.00,//cdn.shopify.com/s/files/1/1525/5710/products/LC6833_shootysswoven_tea_1_180x.jpg?v=1584138871
Shooty SS Woven | White,$48.00,//cdn.shopify.com/s/files/1/1525/5710/products/LC6833_shootysswoven_wht_1_180x.jpg?v=1584039073
Douglas LS Woven | Black,$54.00,//cdn.shopify.com/s/files/1/1525/5710/products/IMG_4909_180x.jpg?v=1574811129
Douglas LS Woven | Red,$54.00,//cdn.shopify.com/s/files/1/1525/5710/products/LC6835_douglas_ls_woven_red_1_180x.jpg?v=1578962548
Douglas LS Woven | Teal,$54.00,//cdn.shopify.com/s/files/1/1525/5710/products/LC6835_douglaslswoven_tea_1_180x.jpg?v=1584139261
Douglas LS Woven | White,$54.00,//cdn.shopify.com/s/files/1/1525/5710/products/LC6835_douglas_ls_woven_wht_1_180x.jpg?v=1578962796
Carson Beanie | Burgundy,$12.00,//cdn.shopify.com/s/files/1/1525/5710/products/LC7112_carsonbeanie_burg_180x.jpg?v=1583960356
Carson Beanie | Emerald,$12.00,//cdn.shopify.com/s/files/1/1525/5710/products/LC7112_carsonbeanie_emr_ac9c04f4-ef77-4d2b-8f4f-8dfb5f532f5c_180x.jpg?v=1583960441
Carson Beanie | Neon Green,$12.00,//cdn.shopify.com/s/files/1/1525/5710/products/LC7112_carsonbeanie_n.grn_7775844b-a492-4f07-a08c-48367c96f97a_180x.jpg?v=1583960482
Carson Beanie | Neon Orange,$12.00,//cdn.shopify.com/s/files/1/1525/5710/products/LC7112_carsonbeanie_n.org_180x.jpg?v=1583960505
Carson Beanie | Olive,$12.00,//cdn.shopify.com/s/files/1/1525/5710/products/LC7112_carsonbeanie_olv_180x.jpg?v=1583960560
Carson Beanie | Red,$12.00,//cdn.shopify.com/s/files/1/1525/5710/products/LC7112_carsonbeanie_red_a140e725-2e65-4297-84b3-970442a440af_180x.jpg?v=1583960626
Carson Beanie | Royal Blue,$12.00,//cdn.shopify.com/s/files/1/1525/5710/products/LC7112_carsonbeanie_r.blu_2256331b-5f2e-4b92-8c00-9090e728322a_180x.jpg?v=1583960673
Lira Mask White,$15.00,//cdn.shopify.com/s/files/1/1525/5710/products/White-Mask-Detail_180x.jpg?v=1591397634
Lira Mask Black,$15.00,//cdn.shopify.com/s/files/1/1525/5710/products/Black-Mask-Detail_180x.jpg?v=1591396966
Shooty SS Woven | Mustard,$48.00,//cdn.shopify.com/s/files/1/1525/5710/products/LC6833a_180x.jpg?v=1578965220
Weekend Jogger 2.0 | Emerald,$54.00,//cdn.shopify.com/s/files/1/1525/5710/products/LC6754_weekend_jogger_2.0_emr_1_180x.jpg?v=1578963981
Unisex Vintage Wash Tee | Burgundy,$30.00,//cdn.shopify.com/s/files/1/1525/5710/products/LE1002_unisexvintagewashtee_burg_1_180x.jpg?v=1583788835
Unisex Vintage Wash Tee | Mustard,$30.00,//cdn.shopify.com/s/files/1/1525/5710/products/LE1002_unisexvintagewashtee_must_1_180x.jpg?v=1583789182
Unisex Vintage Wash Tee | Olive,$30.00,//cdn.shopify.com/s/files/1/1525/5710/products/LE1002_unisexvintagewashtee_olv_1_180x.jpg?v=1583789008
Rothsay Nylon Cargo | Black,$56.00,//cdn.shopify.com/s/files/1/1525/5710/products/LC7444_rothsay_nylon_cargo_jogger_blk_1_180x.png?v=1600905882
Rothsay Nylon Cargo | Emerald,$56.00,//cdn.shopify.com/s/files/1/1525/5710/products/LC7444_rothsay_nylon_cargo_jogger_emd_1_180x.png?v=1600905933
Rothsay Nylon Cargo | Silver,$56.00,//cdn.shopify.com/s/files/1/1525/5710/products/LC7444_rothsay_nylon_cargo_jogger_sil_1_180x.png?v=1600905972
Comrade Chino | Black,$60.00,//cdn.shopify.com/s/files/1/1525/5710/products/LC7450_comrade_2.0_pant_blk_1_180x.jpg?v=1651008151
Comrade Chino | Burgundy,$60.00,//cdn.shopify.com/s/files/1/1525/5710/products/LC7450_comrade_pant_brg_1_1_180x.jpg?v=1632168589
Comrade Chino | Khaki,$60.00,//cdn.shopify.com/s/files/1/1525/5710/products/LC7450_comrade_chino_khk_1_180x.jpg?v=1634841730
Weekday Jogger Short 2.0 | Emerald,$44.00,//cdn.shopify.com/s/files/1/1525/5710/products/LC6843_weekdayjoggershort2.0_emr_1_180x.jpg?v=1583455198
Juckson Cargo Jogger | Khaki,$58.00,//cdn.shopify.com/s/files/1/1525/5710/products/LC6730_jucksoncargojogger_khk_1_180x.jpg?v=1583966915
Weekend Jogger 2.0 | Brown,$54.00,//cdn.shopify.com/s/files/1/1525/5710/products/LC6754_weekend_jogger_2.0_brn_1_2bf36549-f817-4214-87a3-b54ad40c6c65_180x.jpg?v=1579194516
Weekday Jogger Short 2.0 | Slate,$44.00,//cdn.shopify.com/s/files/1/1525/5710/products/LC6843_weekdayjoggershort2.0_slt_1_180x.png?v=1657300712
Court Volley Short | Khaki,$40.00,//cdn.shopify.com/s/files/1/1525/5710/products/LC7212a_180x.jpg?v=1578954193
Union Cargo Short | Slate,$46.00,//cdn.shopify.com/s/files/1/1525/5710/products/LC7312_union_cargo_short_slt_1_180x.jpg?v=1578948939
Full Court Nylon Jogger | Black,$50.00,//cdn.shopify.com/s/files/1/1525/5710/products/LC7221_full_court_jogger_blk_1_180x.jpg?v=1581618807
Full Court Nylon Jogger | Charcoal,$50.00,//cdn.shopify.com/s/files/1/1525/5710/products/LC7221_full_court_jogger_char_0520d497-0ee6-47a0-8b5e-932177d5212b_180x.jpg?v=1581618771
Vintage Denim Jogger 2.0 | Black,$64.00,//cdn.shopify.com/s/files/1/1525/5710/products/L2208_vintage_denim_jogger_blk_1_180x.jpg?v=1556213891
Vintage Denim Jogger 2.0 | Dark Black,$64.00,//cdn.shopify.com/s/files/1/1525/5710/products/LC6755_vintage_denim_jogger_2.0_dk.blk_1_180x.jpg?v=1556212354
Antique Jogger Short 2.0 | Black,$52.00,//cdn.shopify.com/s/files/1/1525/5710/products/Screenshot2021-09-01150331_180x.png?v=1648164614
Shooty SS Woven | Grey,$48.00,//cdn.shopify.com/s/files/1/1525/5710/products/LC6833_shootysswoven_gry_1_180x.jpg?v=1584138452
Douglas LS Woven | Grey,$54.00,//cdn.shopify.com/s/files/1/1525/5710/products/LC6835_douglas_ls_woven_gry_1_180x.jpg?v=1578962504
Pocket Tee | Black,$32.00,//cdn.shopify.com/s/files/1/1525/5710/products/LE1000_pockettee_blk_1_180x.jpg?v=1583779588
Pocket Tee | White,$32.00,//cdn.shopify.com/s/files/1/1525/5710/products/LE1000_pockettee_wht_1_180x.jpg?v=1583779713
Pocket Tee Tri-Blend | Heather Grey,$32.00,//cdn.shopify.com/s/files/1/1525/5710/products/LE1003_pocketteetri-blend_h.gry_1_180x.jpg?v=1583780879
Pocket Tee Tri-Blend | Heather Olive,$32.00,//cdn.shopify.com/s/files/1/1525/5710/products/LE1003_pocketteetri-blend_h.olv_1_180x.jpg?v=1583780828
Fleece Jogger | Black,$48.00,//cdn.shopify.com/s/files/1/1525/5710/products/LE1014_fleecejogger_blk_1_180x.jpg?v=1583776292
Fleece Jogger | Grey,$48.00,//cdn.shopify.com/s/files/1/1525/5710/products/LE1014_fleecejogger_gry_1_ec21fbac-3f8f-4684-9ca0-0bf9ad202f10_180x.jpg?v=1583776240
Unisex Pullover Hood | Black,$52.00,//cdn.shopify.com/s/files/1/1525/5710/products/LE1008_unisexpulloverhood_blk_1_180x.jpg?v=1583789518
Unisex Pullover Hood | Brown,$52.00,//cdn.shopify.com/s/files/1/1525/5710/products/LE1008_unisexpulloverhood_brn_1_180x.jpg?v=1583789586
Unisex Pullover Hood | Heather Grey,$52.00,//cdn.shopify.com/s/files/1/1525/5710/products/LE1008_unisexpulloverhood_h.gry_1_c1bfe48b-a9bb-46a8-a4fa-f733bbae1684_180x.jpg?v=1583796338
Unisex Pullover Hood | Light Blue,$52.00,//cdn.shopify.com/s/files/1/1525/5710/products/LE1008_unisexpulloverhood_lt.blu_1_180x.jpg?v=1583789747
Unisex Pullover Hood | Pink,$52.00,//cdn.shopify.com/s/files/1/1525/5710/products/LE1008_unisexpulloverhood_pnk_1_180x.jpg?v=1583790158
Unisex Vintage Wash Pullover Hood | Burgundy,$58.00,//cdn.shopify.com/s/files/1/1525/5710/products/LE1009_unisexvintagewashpulloverhood_burg_1_180x.jpg?v=1583793168
Unisex Vintage Wash Pullover Hood | Mustard,$58.00,//cdn.shopify.com/s/files/1/1525/5710/products/LE1009_unisexvintagewashpulloverhood_must_1_180x.jpg?v=1583793353
Unisex Vintage Wash Pullover Hood | Black,$58.00,//cdn.shopify.com/s/files/1/1525/5710/products/LE1009_unisexvintagewashpulloverhood_blk_1_180x.jpg?v=1583793022
Unisex Vintage Wash Pullover Hood | Olive,$58.00,//cdn.shopify.com/s/files/1/1525/5710/products/LE1009_unisexvintagewashpulloverhood_olv_1_180x.jpg?v=1583793103
Unisex Pullover Hood | White,$52.00,//cdn.shopify.com/s/files/1/1525/5710/products/LE1008_unisexpulloverhood_wht_1_180x.jpg?v=1583790211
Unisex Vintage Wash Tee | Black,$30.00,//cdn.shopify.com/s/files/1/1525/5710/products/LE1002_unisexvintagewashtee_blk_1_180x.jpg?v=1583788788
Pocket Tank | Black,$32.00,//cdn.shopify.com/s/files/1/1525/5710/products/LE1006_pockettank_blk_1_180x.jpg?v=1583783935
Pocket Tank | White,$32.00,//cdn.shopify.com/s/files/1/1525/5710/products/LE1006_pockettank_wht_1_180x.jpg?v=1583787424
Unisex Vintage Wash Pullover Hood | Camel,$58.00,//cdn.shopify.com/s/files/1/1525/5710/products/LE1009_unisexvintagewashpulloverhood_cml_1_180x.jpg?v=1583793287
Weekday Jogger Short 2.0 | Charcoal,$44.00,//cdn.shopify.com/s/files/1/1525/5710/products/LC6843_weekdayjoggershort2.0_char_1_180x.jpg?v=1583454933
Court Volley Short | Sage,$40.00,//cdn.shopify.com/s/files/1/1525/5710/products/LC7212_court_volley_short_sge_180x.jpg?v=1577470337
Full Court Nylon Jogger | Khaki,$50.00,//cdn.shopify.com/s/files/1/1525/5710/products/LC7221_fullcourtjogger_khk_1_180x.jpg?v=1615580745
Weekday Jogger Short 2.0 | Sage,$44.00,//cdn.shopify.com/s/files/1/1525/5710/products/LC7615_weekday_jogger_short_sag_1_180x.png?v=1624473826
Weekday Jogger Short 2.0 | Khaki,$44.00,//cdn.shopify.com/s/files/1/1525/5710/products/LC7615_weekday_jogger_short_khk_1_180x.png?v=1624473917
Titan Twill Cargo Short | Black,$50.00,//cdn.shopify.com/s/files/1/1525/5710/products/LC7613_titan-twill-short_blk_1_180x.png?v=1617740137
Juckson Cargo Jogger | Black,$58.00,//cdn.shopify.com/s/files/1/1525/5710/products/LC6730_juckson_jogger_pant_blk_1_180x.jpg?v=1538511141
Full Court Nylon Jogger | Sage,$50.00,//cdn.shopify.com/s/files/1/1525/5710/products/LC7221_full_court_jogger_sge_1_180x.jpg?v=1578947151
Pocket Tee | Heather Grey,$32.00,//cdn.shopify.com/s/files/1/1525/5710/products/LE1000_pockettee_h.gry_1_180x.jpg?v=1583779645
Pocket Tank | Heather Grey,$32.00,//cdn.shopify.com/s/files/1/1525/5710/products/LE1006_pockettank_h.gry_1_180x.jpg?v=1583786954
Unisex Vintage Wash Pullover Hood | Navy,$58.00,//cdn.shopify.com/s/files/1/1525/5710/products/LE1009_unisexvintagewashpulloverhood_nvy_1_180x.jpg?v=1583793057
Full Court Nylon Jogger | Slate,$50.00,//cdn.shopify.com/s/files/1/1525/5710/products/LC7221_full_court_jogger_slt_1_180x.jpg?v=1578947166
Union Cargo Short | Black,$46.00,//cdn.shopify.com/s/files/1/1525/5710/products/LC7312_180x.jpg?v=1578954750
Court Volley Short | Burgundy,$40.00,//cdn.shopify.com/s/files/1/1525/5710/products/LC7212_Court_Short_BRG_2_180x.jpg?v=1628186127
Unisex Pigment Dye Tee | Stone,$36.00,//cdn.shopify.com/s/files/1/1525/5710/products/LE1016_Pigemnet_Dye_SS_STN_180x.jpg?v=1624478643
Unisex Pigment Dye Tee | Coral,$36.00,//cdn.shopify.com/s/files/1/1525/5710/products/LE1016_Pigment_Dye_SS_COR_180x.jpg?v=1624478983
Unisex Pigment Dye LS Tee | Coral,$40.00,//cdn.shopify.com/s/files/1/1525/5710/products/LE1017_pigment_dye_ls_tee_cor_1_180x.jpg?v=1632172523
Unisex Pigment Dye LS Tee | Black,$40.00,//cdn.shopify.com/s/files/1/1525/5710/products/LE1017_Pigemnet_Dye_LS_BLK_180x.jpg?v=1624479595
Vintage Denim Jogger 2.0 | Blue Acid,$64.00,//cdn.shopify.com/s/files/1/1525/5710/products/LC6755_vintagednmjogger_bluacid_1_180x.jpg?v=1628107580
Weekend Jogger 2.0 | Camo,$54.00,//cdn.shopify.com/s/files/1/1525/5710/products/LC6754_weekend_jogger_2.0_cam_1_92c3ac82-27e4-48d1-b614-a4ff9be5de38_180x.jpg?v=1578963872
Douglas LS Woven | Mustard,$54.00,//cdn.shopify.com/s/files/1/1525/5710/products/Screenshot2021-09-01143550_180x.png?v=1630532165
Douglas LS Woven | Pink,$54.00,//cdn.shopify.com/s/files/1/1525/5710/products/LC6835_douglasl_swoven_pnk_180x.jpg?v=1630532301
Antique Jogger Short 2.0 | Black Acid,$52.00,//cdn.shopify.com/s/files/1/1525/5710/products/LC6842_antiquedamjogger_blkacid_1_e1991e9b-9f4a-43ee-8137-f9c5c5d97c18_180x.jpg?v=1648164627
Antique Jogger Short 2.0 | Blue Acid,$52.00,//cdn.shopify.com/s/files/1/1525/5710/products/LC6842_anitque_denim_jogger_short_acid_blue_fit_shot_180x.png?v=1648164685
Juckson Cargo Jogger | Blue,$58.00,//cdn.shopify.com/s/files/1/1525/5710/products/LC6730_jucksonjogger_bludnm_1_180x.jpg?v=1630534206
Court Volley Short | Emerald,$40.00,//cdn.shopify.com/s/files/1/1525/5710/products/LC7212_court_short_emr_1_180x.jpg?v=1632166635
Court Volley Short | Stone,$40.00,//cdn.shopify.com/s/files/1/1525/5710/products/LC7212_court_short_stn_1_180x.jpg?v=1632166696
Full Court Nylon Jogger | Burgundy,$50.00,//cdn.shopify.com/s/files/1/1525/5710/products/LC7221_full_court_jogger_brg_1_180x.jpg?v=1632166746
Union Cargo Short | Khaki,$46.00,//cdn.shopify.com/s/files/1/1525/5710/products/LC7312_union_cargo_Short_khk_1_180x.png?v=1630620995
Gaston Paneled Nylon Short | Lilac,$40.00,//cdn.shopify.com/s/files/1/1525/5710/products/LC8010_gaston_nylon_field_short_lil_180x.jpg?v=1644448473
Unisex Pigment Dye LS Tee | Zinc,$40.00,//cdn.shopify.com/s/files/1/1525/5710/products/Screenshot2021-09-02154110_180x.png?v=1630622517
Court Volley Short | Charcoal,$40.00,//cdn.shopify.com/s/files/1/1525/5710/products/LC7212_court_volley_short_char_1_180x.jpg?v=1580498697
Comrade Chino | Silver,$60.00,//cdn.shopify.com/s/files/1/1525/5710/products/LC7450_comrade_2.0_pant_stn_1_180x.jpg?v=1632168948
Fleece Jogger | Stone,$48.00,//cdn.shopify.com/s/files/1/1525/5710/products/LE1014_fleece_jogger_pant_stn_1_180x.jpg?v=1632170202
Fleece Jogger | Zinc,$48.00,//cdn.shopify.com/s/files/1/1525/5710/products/LE1014_fleece_jogger_pant_znc_1_180x.jpg?v=1632170615
Unisex Pigment Dye Tee | White,$36.00,//cdn.shopify.com/s/files/1/1525/5710/products/LE1016_pigment_dye_ss_tee_wht_1_180x.jpg?v=1632171461
Unisex Pigment Dye Tee | Zinc,$36.00,//cdn.shopify.com/s/files/1/1525/5710/products/LE1016_pigment_dye_ss_tee_znc_1_180x.jpg?v=1632171618
Unisex Pigment Dye Tee | Black,$36.00,//cdn.shopify.com/s/files/1/1525/5710/products/LE1016_pigmetn_dye_ss_tee_blk_1_318a244d-eb0d-477b-9ad4-ea636826a816_180x.jpg?v=1632172055
Unisex Pigment Dye LS | Stone,$40.00,//cdn.shopify.com/s/files/1/1525/5710/products/LE1017_pigment_dye_ls_tee_stn_1_180x.jpg?v=1632174738
Unisex Pigment Dye LS Tee | White,$40.00,//cdn.shopify.com/s/files/1/1525/5710/products/LE1017_pigment_dye_ls_tee_wht_1_180x.jpg?v=1632175022
Evora Sherpa Lined Jacket | Olive,$80.00,//cdn.shopify.com/s/files/1/1525/5710/products/LC7811_evora_flannel_jacket_olv_1_180x.jpg?v=1641592279
Court Volley Short | Black,$40.00,//cdn.shopify.com/s/files/1/1525/5710/products/LC7212_court_volley_short_blk_180x.jpg?v=1580496058
Court Volley Short | Slate,$40.00,//cdn.shopify.com/s/files/1/1525/5710/products/LC7212_court_volley_short_slt_1_180x.jpg?v=1617911537
Pocket Tee Tri-Blend | Black,$32.00,//cdn.shopify.com/s/files/1/1525/5710/products/LE1003_pocketteetri-blend_blk_1_180x.jpg?v=1583780323
Unisex Vintage Wash Pullover Hood | Zinc,$58.00,//cdn.shopify.com/s/files/1/1525/5710/products/LE1009_unisexvintagewashpulloverhood_znc_1_180x.jpg?v=1583793224
Vintage Denim Jogger 2.0 | Black Acid,$64.00,//cdn.shopify.com/s/files/1/1525/5710/products/LC6755_vintagedamjogger_blkacid_1_180x.jpg?v=1643839982
Craven Tie Dye Mesh Short | Khaki,$46.00,//cdn.shopify.com/s/files/1/1525/5710/products/LC8013_craven_tie_dye_mesh_short_khk_180x.jpg?v=1644446789
Wake Pigment Dye Cargo Short | Black,$52.00,//cdn.shopify.com/s/files/1/1525/5710/products/LC8011_wakecargoshort_blk_1_180x.jpg?v=1644446855
Apex Pigment Dye Cargo Pant | Black,$58.00,//cdn.shopify.com/s/files/1/1525/5710/products/LC8001_apexcargojogger_chr_1_180x.jpg?v=1644956789
Apex Pigment Dye Cargo Pant | Stone,$58.00,//cdn.shopify.com/s/files/1/1525/5710/products/LC8001_apexcargojogger_stn_1_180x.jpg?v=1644447020
Boone Tie Dye Fleece Short | Khaki,$46.00,//cdn.shopify.com/s/files/1/1525/5710/products/LC8017_boonetdshort_khki_1_180x.jpg?v=1644447089
Clayton SS Tie Dye Knit | Lilac,$32.00,//cdn.shopify.com/s/files/1/1525/5710/products/LC8041_clayton_ss_knit_lil_1_180x.jpg?v=1644957009
Onslow Mesh Tie Dye Tank | Khaki,$46.00,//cdn.shopify.com/s/files/1/1525/5710/products/LC8042_onslow_mesh_tank_top_khk_1_180x.jpg?v=1644957062
Pocket Tee Tri-Blend | Heather Plum,$32.00,//cdn.shopify.com/s/files/1/1525/5710/products/LE1003_pocketteetri-blend_h.plum_1_180x.jpg?v=1583780493
Pocket Tee Tri-Blend | Heather Navy,$32.00,//cdn.shopify.com/s/files/1/1525/5710/products/LE1003_pocketteetri-blend_h.nvy_1_180x.jpg?v=1583780663
Fleece Jogger Short | Black,$40.00,//cdn.shopify.com/s/files/1/1525/5710/products/LE1015_fleecejoggershort_blk_1_180x.jpg?v=1583776555
Fleece Jogger Short | Grey,$40.00,//cdn.shopify.com/s/files/1/1525/5710/products/LE1015_fleecejoggershort_gry_1_180x.jpg?v=1583776717
Union Cargo Short | Emerald,$46.00,//cdn.shopify.com/s/files/1/1525/5710/products/LC7312_union_cargo_Short_emr_1_180x.jpg?v=1645479550
Union Cargo Short | Lilac,$46.00,//cdn.shopify.com/s/files/1/1525/5710/products/LC7312_union_cargo_Short_lil_1_180x.jpg?v=1645479584
Rothsay Nylon Cargo | Charcoal,$56.00,//cdn.shopify.com/s/files/1/1525/5710/products/LC7444_rothsay_nylon_cargo_jogger_chr_fit_shot_180x.jpg?v=1644357854
Gaston Paneled Nylon Short | Olive,$40.00,//cdn.shopify.com/s/files/1/1525/5710/products/LC8010_gaston_field_short_olv_1_180x.jpg?v=1644956865
Alamance Nylon Short | Turquoise,$40.00,//cdn.shopify.com/s/files/1/1525/5710/products/LC8014_alamance_plaid_nylon_short_turq_1_180x.jpg?v=1648164507
Kinston Nylon Short | Charcoal,$40.00,//cdn.shopify.com/s/files/1/1525/5710/products/LC8016_kinston_nylon_short_chr_180x.png?v=1644439303
Kinston Nylon Short | Olive,$40.00,//cdn.shopify.com/s/files/1/1525/5710/products/LC8016_kinston_nylon_short_olv_180x.jpg?v=1644447999
Korman SS Woven | Olive,$50.00,//cdn.shopify.com/s/files/1/1525/5710/products/LC8030_korman_ss_woven_olv_1_180x.jpg?v=1644956964
Court Volley Short | Olive,$40.00,//cdn.shopify.com/s/files/1/1525/5710/products/LC7212_court_short_olv_1_180x.jpg?v=1644447438
Shooty SS Woven | Zinc,$48.00,//cdn.shopify.com/s/files/1/1525/5710/products/LC6833_shooty_ss_woven_znc_1_180x.jpg?v=1644956388
Pigment Dye Crew Fleece | Black,$64.00,//cdn.shopify.com/s/files/1/1525/5710/products/LE1019_crewneck_fleece_blk_1_180x.jpg?v=1644957506
Pigment Dye Crew Fleece | Emerald,$64.00,//cdn.shopify.com/s/files/1/1525/5710/products/LE1019_crewneck_fleece_emr_1_180x.jpg?v=1644957563
Pigment Dye Crew Fleece | Stone,$64.00,//cdn.shopify.com/s/files/1/1525/5710/products/LE1019_crewneck_fleece_stn_1_180x.jpg?v=1644957711
Pigment Dye Crew Fleece | Zinc,$64.00,//cdn.shopify.com/s/files/1/1525/5710/products/LE1019_crewneck_fleece_znc_1_180x.jpg?v=1644957821
Union Cargo Short | Charcoal,$46.00,//cdn.shopify.com/s/files/1/1525/5710/products/LC7312_union_cargo_short_char_1_180x.jpg?v=1578948821
Stoss SS Tee | Black,$26.00,//cdn.shopify.com/s/files/1/1525/5710/products/LC8070_stossstee_blk_1_180x.jpg?v=1646687525
Dovane SS Tee | Black,$26.00,//cdn.shopify.com/s/files/1/1525/5710/products/LC8071_dovanesstee_blk_1_180x.jpg?v=1646687784
Dovane SS Tee | Light Blue,$26.00,//cdn.shopify.com/s/files/1/1525/5710/products/LC8072_dovane_ss_tee_ltblu_1_180x.jpg?v=1646856680
Dovane SS Tee | White,$26.00,//cdn.shopify.com/s/files/1/1525/5710/products/LC8071_dovane_ss_tee_wht_2_180x.jpg?v=1646688281
Hickory SS Tee | White,$26.00,//cdn.shopify.com/s/files/1/1525/5710/products/LC8072_hickory_ss_tee_wht_1_180x.jpg?v=1646689579
Cabarrus SS Tee | Black,$26.00,//cdn.shopify.com/s/files/1/1525/5710/products/LC8073_cabarrus_ss_tee_blk_1_180x.jpg?v=1646689808
Cabarrus SS Tee | White,$26.00,//cdn.shopify.com/s/files/1/1525/5710/products/LC8073_cabarrussstee_wht_1_180x.jpg?v=1646690044
Rowan SS Tee | Black,$26.00,//cdn.shopify.com/s/files/1/1525/5710/products/LC8074_rowan_ss_blk_tee_3_180x.jpg?v=1646690200
Rowan SS Tee | White,$26.00,//cdn.shopify.com/s/files/1/1525/5710/products/LC8074_rowansstee_wht_2_180x.jpg?v=1646690315
Orange SS Tee | Black,$26.00,//cdn.shopify.com/s/files/1/1525/5710/products/LC8075_orange_ss_tee_blk_1_180x.jpg?v=1646690480
Orange SS Tee | White,$26.00,//cdn.shopify.com/s/files/1/1525/5710/products/LC8075_orange_ss_tee_wht_180x.jpg?v=1646690662
Cabarrus SS Tee | Mustard,$26.00,//cdn.shopify.com/s/files/1/1525/5710/products/LC8073_cabarrus_ss_tee_mst_2_180x.jpg?v=1646856757
Unisex Vintage Wash Tee | Zinc,$30.00,//cdn.shopify.com/s/files/1/1525/5710/products/LE1002_unisexvintagewashtee_znc_1_180x.jpg?v=1583789076
Full Court Nylon Jogger | Lilac,$50.00,//cdn.shopify.com/s/files/1/1525/5710/products/LC7221_fullcourtjogger_lil_1_180x.jpg?v=1649962830
Titan Twill Cargo Short | Khaki,$50.00,//cdn.shopify.com/s/files/1/1525/5710/products/LC7631_titan_cargoshort_khk_180x.png?v=1650572291
Titan Twill Cargo Short | Blue,$50.00,//cdn.shopify.com/s/files/1/1525/5710/products/LC7613_titan_denim_cargo_short_blu_fit_shot_180x.jpg?v=1650572995
Carboro Relaxed Fit Chino | Black,$56.00,//cdn.shopify.com/s/files/1/1525/5710/products/LC8003_carboro_realxed_chino_blk_7dd56d5b-8ede-48c8-b770-cb195f293a52_180x.png?v=1650573288
Carboro Relaxed Fit Chino | Khaki,$56.00,//cdn.shopify.com/s/files/1/1525/5710/products/LC8003_carboro_relaxed_chino_khk_180x.png?v=1650574096
Carboro Relaxed Fit Chino | Blue,$56.00,//cdn.shopify.com/s/files/1/1525/5710/products/LC8003_carboro_relaxed_fit_chino_blu_180x.jpg?v=1650574218
Weekday Jogger Short 2.0 | Olive,$44.00,//cdn.shopify.com/s/files/1/1525/5710/products/Screenshot2022-04-21140241_180x.png?v=1650575012
Antique Jogger Short 2.0 | Blue,$52.00,//cdn.shopify.com/s/files/1/1525/5710/products/LC6842_antique_jogger_short_2.0_blu_1_180x.jpg?v=1648164663
Full Court Nylon Jogger | Emerald,$50.00,//cdn.shopify.com/s/files/1/1525/5710/products/LC7221_full_court_nylon_jogger_emr_180x.png?v=1650998325
Rothsay Nylon Cargo | Khaki,$56.00,//cdn.shopify.com/s/files/1/1525/5710/products/LC7444_rothsaycargo_khki_1_180x.jpg?v=1650998981
Gaston Paneled Nylon Short | Seafoam,$40.00,//cdn.shopify.com/s/files/1/1525/5710/products/LC8010_gaston_short_sea_1_180x.jpg?v=1654806717
Gaston Paneled Nylon Short | Black,$40.00,//cdn.shopify.com/s/files/1/1525/5710/products/LC8010_gaston_short_blk_1_180x.jpg?v=1654806638
Kyler Nylon Short | Black,$40.00,//cdn.shopify.com/s/files/1/1525/5710/products/LC9011_kyler_short_blk_1_180x.jpg?v=1654629263
Gerhard Nylon Short | Black,$40.00,//cdn.shopify.com/s/files/1/1525/5710/products/LC9012_gerhard_short_blk_1_180x.jpg?v=1654629295
Oak Park SS Woven | Black,$50.00,//cdn.shopify.com/s/files/1/1525/5710/products/LC9030_oak_park_ss_woven_blk_1_180x.jpg?v=1654629177
Whalley Mesh Jersey Tank | Black,$46.00,//cdn.shopify.com/s/files/1/1525/5710/products/LC9041_whalley_mesh_jersey_blk_1_180x.jpg?v=1654629371
Kizwa SS Tee | Black,$26.00,//cdn.shopify.com/s/files/1/1525/5710/products/LC9070_kizwa_ss_tee_blk_3_180x.jpg?v=1654727009
Kizwa SS Tee | Light Blue,$26.00,//cdn.shopify.com/s/files/1/1525/5710/products/LC9070_kizwa_ss_tee_ltb_3_180x.jpg?v=1654727046
Cardiff SS Tee | Black,$26.00,//cdn.shopify.com/s/files/1/1525/5710/products/LC9071_cardiff_ss_tee_blk_3_180x.jpg?v=1654628915
Cardiff SS Tee | Mustard,$26.00,//cdn.shopify.com/s/files/1/1525/5710/products/LC9071_cardiff_ss_tee_mst_1_180x.jpg?v=1654628952
Hallston SS Tee | Black,$26.00,//cdn.shopify.com/s/files/1/1525/5710/products/LC9072_haslton_ss_tee_blk_3_180x.jpg?v=1654629010
Davidson SS Tee | Black,$26.00,//cdn.shopify.com/s/files/1/1525/5710/products/LC9073_davidson_sss_tee_blk_3_180x.jpg?v=1654629068
Brews SS Tee | Black,$26.00,//cdn.shopify.com/s/files/1/1525/5710/products/LC9074_brews_ss_tee_blk_3_180x.jpg?v=1654629124
Tosley Mesh Short | Black,$50.00,//cdn.shopify.com/s/files/1/1525/5710/products/LC9010_tosley_mesh_short_blk_1_180x.jpg?v=1654629219
Clementine Pigment Dye Short | Black,$50.00,//cdn.shopify.com/s/files/1/1525/5710/products/LC9013_clementine_pigment_dye_fleece_blk_2_180x.jpg?v=1654629330
Adisso Pigment Dye SS Knit | Black,$32.00,//cdn.shopify.com/s/files/1/1525/5710/products/LC9042_adisso_ss_pigment_dye_tee_blk_1_180x.jpg?v=1654726949
Shooty SS Woven | Natural,$48.00,//cdn.shopify.com/s/files/1/1525/5710/products/LC6833_shooty_ss_woven_nat_1_180x.jpg?v=1655316264
Court Volley Short | Lilac,$40.00,//cdn.shopify.com/s/files/1/1525/5710/products/LC7212_court_short_lilac_1_180x.jpg?v=1655327077
Union Cargo Short | Sage,$46.00,//cdn.shopify.com/s/files/1/1525/5710/products/LC7312_union_cargo_Short_sge_1_180x.jpg?v=1655327326
Saluda Corduroy Jogger | Khaki,$64.00,//cdn.shopify.com/s/files/1/1525/5710/products/LC10004_saluda_cord_jogger_khk_1_180x.png?v=1660246346
Saluda Corduroy Jogger | Forest,$64.00,//cdn.shopify.com/s/files/1/1525/5710/products/LC10004_saluda_cord_jogger_for_1_180x.jpg?v=1660246678
Wateree Ripstop Cargo Jogger | Forest,$64.00,//cdn.shopify.com/s/files/1/1525/5710/products/LC10005_watree_ripstop_cargo_olv_1_180x.jpg?v=1660246947
Scotia LS Flannel | Jade,$64.00,//cdn.shopify.com/s/files/1/1525/5710/products/LC10030_scotia_flannel_jad_1_180x.jpg?v=1660247137
Pomeria Hooded LS Flannel | Forest,$68.00,//cdn.shopify.com/s/files/1/1525/5710/products/LC10031_pomaria_hooded_flannel_for_1_180x.jpg?v=1660247419
Patrick LS Ripstop Field Shirt | Forest,$78.00,//cdn.shopify.com/s/files/1/1525/5710/products/LC10032_patrick_ls_woven_field_shirt_olv_2_180x.jpg?v=1660253195
Stevenson SS Woven | Black,$60.00,//cdn.shopify.com/s/files/1/1525/5710/products/LC10033_stevenson_woven_shirt_blk_1_180x.jpg?v=1660253743
Rothsay Nylon Cargo | Olive,$56.00,//cdn.shopify.com/s/files/1/1525/5710/products/LC7444_rothsaynyloncargo_olv_1_180x.png?v=1660254180
Rothsay Nylon Cargo | Navy,$56.00,//cdn.shopify.com/s/files/1/1525/5710/products/LC7444_rothsaynyloncargo_nvy_1_180x.png?v=1660254301
Choteau Hoodie | Black,$60.00,//cdn.shopify.com/s/files/1/1525/5710/products/LC10051_choteau_hooded_fleece_blk_1_180x.jpg?v=1660254738
Seeley Hoodie | Black,$60.00,//cdn.shopify.com/s/files/1/1525/5710/products/LC10052_seeley_hooded_fleece_blk_1_180x.png?v=1660254863
Ekelaka LS Tee | Black,$32.00,//cdn.shopify.com/s/files/1/1525/5710/products/LC10060_ekalaka_ls_tee_blk_1_180x.jpg?v=1660255815
Orono LS Tee | White,$32.00,//cdn.shopify.com/s/files/1/1525/5710/products/LC10062_orono_ls_wht_3_180x.jpg?v=1660256746
Postley SS Tee | Black,$28.00,//cdn.shopify.com/s/files/1/1525/5710/products/LC10070_postley_ss_tee_blk_3_180x.jpg?v=1660256919
Grammar SS Tee | Mushroom,$28.00,//cdn.shopify.com/s/files/1/1525/5710/products/LC10071_grammer_ss_tee_mus_3_180x.jpg?v=1660257107
Stamps SS Tee | White,$28.00,//cdn.shopify.com/s/files/1/1525/5710/products/LC10072_stamps_ss_wht_3_180x.jpg?v=1660257371
O'Connor SS Tee | Navy,$28.00,//cdn.shopify.com/s/files/1/1525/5710/products/LC10073_stamps_ss_tee_nvy_2_180x.png?v=1660257526
Kalispell SS Tee | Black,$28.00,//cdn.shopify.com/s/files/1/1525/5710/products/LC10075_kalispell_ss_tee_blk_1_180x.jpg?v=1660258841
Pigment Dye Quarter Zip Fleece | Stone,$35.00,//cdn.shopify.com/s/files/1/1525/5710/products/LC10092_minorca_bucket_hat_blk_1_180x.jpg?v=1660259102
Weekend Jogger 2.0 | Olive,$54.00,//cdn.shopify.com/s/files/1/1525/5710/products/LC6754_weekend_jogger_2.0_olv_1_c879cb5a-8018-4be7-b5ba-c98332896a94_180x.jpg?v=1578964084
Weekend Jogger 2.0 | Black,$54.00,//cdn.shopify.com/s/files/1/1525/5710/products/LC6754_weekendjogger2.0_blk_1_180x.jpg?v=1660594078
Ekelaka LS Tee | Teal,$32.00,//cdn.shopify.com/s/files/1/1525/5710/products/LC10060_ekalaka_ls_tee_emr_1_180x.png?v=1663786314
San Clemente Denim Pant Dark Black,$58.00,//cdn.shopify.com/s/files/1/1525/5710/products/LC7448_sanclementedenimpant_dk.blk_180x.jpg?v=1603747775
San Clemente Denim Pant Blue,$58.00,//cdn.shopify.com/s/files/1/1525/5710/products/LC7448_sanclementedenimpant_blu_1_9fae081d-a737-45bb-a726-da316a20b4cb_180x.jpg?v=1603747583
San Clemente Denim Pant Dark Blue,$58.00,//cdn.shopify.com/s/files/1/1525/5710/products/LC7448_sanclementedenimpant_dk.blu_180x.jpg?v=1603748043
Carson Beanie | Black,$12.00,//cdn.shopify.com/s/files/1/1525/5710/products/LC7112_carsonbeanie_blk_2_180x.png?v=1664836108
Carson Beanie | Vintage White,$12.00,//cdn.shopify.com/s/files/1/1525/5710/products/LC7112_carsonbeanie_v.wht_1_180x.png?v=1664836889
